book_id,authors,title,Genres
1,Suzanne Collins,The Hunger Games,SciFi;Drama
2,"J.K. Rowling, Mary GrandPré",Harry Potter and the Philosopher's Stone,Fantasy;Young-Age
3,Stephenie Meyer,Twilight,Fantasy
4,Harper Lee,To Kill a Mockingbird,Self-Help;Drama
5,F. Scott Fitzgerald,The Great Gatsby,Drama
6,John Green,The Fault in Our Stars,Romance;Drama
7,J.R.R. Tolkien,The Hobbit,Fantasy
8,J.D. Salinger,The Catcher in the Rye,Classic;Young-Age
9,Dan Brown,Angels & Demons ,Thriller;Drama
10,Jane Austen,Pride and Prejudice,Drama;Romance
11,Khaled Hosseini,The Kite Runner ,Drama;History
12,Veronica Roth,Divergent,Fantasy;Drama
13,"George Orwell, Erich Fromm, Celâl Üster",Nineteen Eighty-Four,Thriller
14,George Orwell,Animal Farm: A Fairy Story,Drama
15,"Anne Frank, Eleanor Roosevelt, B.M. Mooyaart-Doubleday",Het Achterhuis: Dagboekbrieven 14 juni 1942 - 1 augustus 1944,Biography
16,"Stieg Larsson, Reg Keeland",Män som hatar kvinnor,Crime;Thriller;Drama
17,Suzanne Collins,Catching Fire,SciFi;Drama
18,"J.K. Rowling, Mary GrandPré, Rufus Beck",Harry Potter and the Prisoner of Azkaban,Fantasy;Fiction;Young-Age
19,J.R.R. Tolkien,The Fellowship of the Ring,Fantasy
20,Suzanne Collins,Mockingjay,Fantasy
21,"J.K. Rowling, Mary GrandPré",Harry Potter and the Order of the Phoenix,Fantasy
22,Alice Sebold,The Lovely Bones,Psychological;Domestic
23,"J.K. Rowling, Mary GrandPré",Harry Potter and the Chamber of Secrets,Fantasy;Young-Age
24,"J.K. Rowling, Mary GrandPré",Harry Potter and the Goblet of Fire,Fantasy;Young-Age
25,"J.K. Rowling, Mary GrandPré",Harry Potter and the Deathly Hallows,Fantasy;Young-Age
26,Dan Brown,The Da Vinci Code,Thriller;Drama
27,"J.K. Rowling, Mary GrandPré",Harry Potter and the Half-Blood Prince,Fantasy;Young-Age
28,William Golding,Lord of the Flies ,Psychological;Young-Age
29,"William Shakespeare, Robert           Jackson",An Excellent conceited Tragedie of Romeo and Juliet,Romance
30,Gillian Flynn,Gone Girl,Thriller
31,Kathryn Stockett,The Help,History;Fiction
32,John Steinbeck,Of Mice and Men ,Drama;Fiction
33,Arthur Golden,Memoirs of a Geisha,Biography
34,E.L. James,Fifty Shades of Grey,Erotic;Drama
35,"Paulo Coelho, Alan R. Clarke",O Alquimista,Fiction;Fantasy
36,Lois Lowry,The Giver,Fantasy
37,C.S. Lewis,"The Lion, the Witch and the Wardrobe",Fantasy
38,Audrey Niffenegger,The Time Traveler's Wife,Romance;SciFi;Fantasy;Domestic
39,George R.R. Martin,A Game of Thrones,Fantasy
40,Elizabeth Gilbert,"Eat, pray, love: one woman's search for everything across Italy, India and Indonesia",Romance;Drama
41,Rick Riordan,The Lightning Thief,Fantasy;Thriller
42,Louisa May Alcott,Little Women,Young-Age;Romance;Drama
43,"Charlotte Brontë, Michael Mason",Jane Eyre,Young-Age;Biography
44,Nicholas Sparks,The Notebook,Romance;Drama
45,Yann Martel,Life of Pi,Fantasy;Drama
46,Sara Gruen,Water for Elephants,Romance;Fiction;History
47,Markus Zusak,The Book Thief,Young-Age;History;Fiction
48,Ray Bradbury,Fahrenheit 451,Fantasy;Fiction
49,Stephenie Meyer,"New Moon (Twilight, #2)",Fantasy
50,Shel Silverstein,Where the Sidewalk Ends: The Poems and Drawings of Shel Silverstein,Poetry;Kids
51,Cassandra Clare,City of Bones,Fantasy;Kids;Horror
52,Stephenie Meyer,Eclipse,Fantasy
53,Christopher Paolini,Eragon,Fantasy
54,Douglas Adams,The Hitchhiker's Guide to the Galaxy,Fantasy;Fiction
55,Aldous Huxley,Brave New World,Fantasy;Fiction
56,Stephenie Meyer,Breaking Dawn,Fantasy
57,Sue Monk Kidd,The Secret Life of Bees,Young-Age;History;Drama
58,"Mark Twain, John Seelye, Guy Cardwell",The Adventures of Huckleberry Finn,History;Young-Age
59,"E.B. White, Garth Williams, Rosemary Wells",Charlotte's Web,Kids;Fiction
60,Mark Haddon,The Curious Incident of the Dog in the Night-Time,Young-Age;Fiction
61,Paula Hawkins,The Girl on the Train,Thriller;Psychological
62,Philip Pullman,Northern Lights,Fantasy
63,"Emily Brontë, Richard J. Dunn",Wuthering Heights,Romance;Drama;Fiction
64,Jodi Picoult,My Sister's Keeper,Drama;Domestic
65,Kurt Vonnegut Jr.,"Slaughterhouse-Five, or The Children's Crusade: A Duty-Dance with Death ",Fiction
66,Margaret Mitchell,Gone with the Wind,Romance;History
67,Khaled Hosseini,A Thousand Splendid Suns,Drama;History
68,Stephen Chbosky,The Perks of Being a Wallflower,Fiction;Young-Age
69,Veronica Roth,Insurgent,Fantasy;Drama
70,Orson Scott Card,Ender's Game,SciFi
71,"Mary Wollstonecraft Shelley, Percy Bysshe Shelley, Maurice Hindle","Frankenstein; or, The Modern Prometheus",Horror;Fiction;SciFi
72,Stephen King,The Shining,Horror;Classic;Thriller
73,Stephenie Meyer,The Host,Romance;Thriller
74,John Green,Looking for Alaska,Kids;Thriller
75,Helen Fielding,Bridget Jones's Diary,Comedy;Romance;Drama
76,"Jane Austen, Tony Tanner, Ros Ballaster",Sense and Sensibility,Romance
77,"Louis Sachar, Louis Sachar",Holes,Comedy;Drama
78,Lauren Weisberger,The Devil Wears Prada,Drama;Romance
79,"Homer, Robert Fagles, E.V. Rieu, Frédéric Mugler, Bernard Knox",Ὀδύσσεια,Poetry
80,"Antoine de Saint-Exupéry, Richard Howard, Dom Marcos Barbosa, Melina Karakosta",Le Petit Prince,Classic;Young-Age;Psychological
81,Jeannette Walls,The Glass Castle,Biography
82,Jon Krakauer,Into the Wild,Biography
83,"Charles Dickens, Richard Maxwell, Hablot Knight Browne",A Tale of Two Cities,History;Fiction;Drama
84,Michael Crichton,Jurassic Park,SciFi;Thriller;Fantasy
85,Shel Silverstein,The Giving Tree,Kids
86,John Grisham,A Time to Kill,Thriller
87,"Elie Wiesel, Marion Wiesel",Un di Velt Hot Geshvign,Biography
88,John Green,Paper Towns,Kids;Drama
89,William Goldman,The Princess Bride,Romance;Drama
90,S.E. Hinton,The Outsiders,Young-Age;Fiction
91,James Dashner,The Maze Runner,Young-Age;SciFi
92,"Steven D. Levitt, Stephen J. Dubner",Freakonomics: A Rogue Economist Explores the Hidden Side of Everything,Self-Help;Academic
93,Frances Hodgson Burnett,The Secret Garden,Kids
94,"Gabriel García Márquez, Gregory Rabassa",Cien años de soledad,Fantasy
95,"Oscar Wilde, Jeffrey Eugenides",The Picture of Dorian Gray,Fiction
96,E.L. James,Fifty Shades Freed,Erotic;Drama
97,"Bram Stoker, Nina Auerbach, David J. Skal",Dracula,Horror;Fantasy
98,"Stieg Larsson, Reg Keeland",Flickan som lekte med elden,Thriller;Drama
99,E.L. James,Fifty Shades Darker,Erotic;Drama
100,Barbara Kingsolver,The Poisonwood Bible,History;Fiction
101,David Sedaris,Me Talk Pretty One Day,Biography
102,Maurice Sendak,Where the Wild Things Are,Kids;Fantasy
103,"Alexandre Dumas, Robin Buss",Le Comte de Monte-Cristo,History;Fiction
104,Cormac McCarthy,The Road,Fantasy;Fiction
105,Veronica Roth,Allegiant,Fantasy;Drama
106,Tina Fey,Bossypants,Biography
107,Nicholas Sparks,A Walk to Remember,Romance;Drama
108,Sophie Kinsella,Confessions of a Shopaholic,Romance;Drama
109,"Victor Hugo, Lee Fahnestock, Norman MacAfee",Les Misérables,Drama;History;Classic
110,George R.R. Martin,A Clash of Kings,Fantasy
111,Kim Edwards,The Memory Keeper's Daughter,Fantasy
112,Jojo Moyes,Me Before You,Romance;Drama
113,Joseph Heller,Catch-22,Comedy;Fiction
114,"Mitch Albom, Saulius Dagys",Tuesdays with Morrie,Biography;Fiction
115,Jeffrey Eugenides,Middlesex,Drama
116,"Mark Twain, Guy Cardwell, John Seelye",The Adventures of Tom Sawyer,Kids;Fiction
117,Madeleine L'Engle,A Wrinkle in Time,Classic;SciFi;Young-Age;Kids
118,Amy Tan,The Joy Luck Club,Classic;Fiction
119,Margaret Atwood,The Handmaid's Tale,Drama;Fiction
120,Ann Brashares,The Sisterhood of the Traveling Pants,Kids;Fiction
121,"Vladimir Nabokov, Craig Raine",Lolita,Biography;Romance;Comedy
122,"Gregory Maguire, Douglas Smith",Wicked: The Life and Times of the Wicked Witch of the West,Fantasy;SciFi
123,John Grisham,The Firm,Drama
124,Emma Donoghue,Room,Thriller;Drama
125,"William Shakespeare, Richard Andrews, Rex Gibson","The Tragicall Historie of Hamlet, Prince of Denmark",Drama;Comedy
126,Frank Herbert,Dune,SciFi;Fantasy;Classic
127,Malcolm Gladwell,The Tipping Point: How Little Things Can Make a Big Difference,Self-Help
128,Walter Isaacson,Steve Jobs,Biography
129,Ken Kesey,One Flew Over the Cuckoo's Nest,Drama;Psychological
130,Ernest Hemingway,The Old Man and the Sea,Classic;Fiction
131,John Steinbeck,The Grapes of Wrath,Drama;Fiction
132,Mitch Albom,The Five People You Meet in Heaven,Self-Help;Fiction
133,L.M. Montgomery,Anne of Green Gables,Kids;Classic
134,Cassandra Clare,City of Glass,Kids;Fantasy;Fiction;
135,George R.R. Martin,A Storm of Swords,Fantasy
136,Rebecca Wells,Divine Secrets of the Ya-Ya Sisterhood,Comedy;Drama
137,Diana Gabaldon,Outlander,Romance;History;Fiction
138,"Nathaniel Hawthorne, Thomas E. Connolly, Nina Baym",The Scarlet Letter,Romance;History;Fiction
139,Ransom Riggs,Miss Peregrine’s Home for Peculiar Children,Fantasy;Drama
140,"Stieg Larsson, Reg Keeland",Luftslottet som sprängdes,Fiction;Drama
141,Andy Weir,The Martian,Fiction;Thriller
142,Ken Follett,The Pillars of the Earth,Fiction
143,Anthony Doerr,All the Light We Cannot See,History
144,Laura Hillenbrand,"Unbroken: A World War II Story of Survival, Resilience, and Redemption",History
145,Dan Brown,Deception Point,Thriller;Drama
146,Donna Tartt,The Goldfinch,Thriller;Fiction
147,Jay Asher,Thirteen Reasons Why,Drama
148,Tracy Chevalier,Girl with a Pearl Earring,Romance;Drama
149,Gayle Forman,If I Stay,Romance;Drama
150,Anita Diamant,The Red Tent,History;Fiction
151,Rick Riordan,The Sea of Monsters,Fantasy;Kids
152,Nicholas Sparks,Dear John,Romance;Drama
153,Cassandra Clare,City of Ashes,Fantasy;Fiction
154,William Shakespeare,The Tragedy of Macbeth,Classic;Drama
155,J.R.R. Tolkien,The Two Towers,Fantasy;Thriller
156,Emily Giffin,Something Borrowed,Romance;Drama
157,"Dr. Seuss, לאה נאור",Green Eggs and Ham,Kids
158,"Roald Dahl, Quentin Blake",Charlie and the Chocolate Factory,Kids;Classic
159,Rick Riordan,The Battle of the Labyrinth,Fantasy;Kids;Thriller
160,Charles Dickens,Great Expectations,Classic;Fiction
161,J.R.R. Tolkien,The Return of the King,Fantasy;Thriller
162,"Albert Camus, Matthew    Ward",L’Étranger,Fiction
163,Rick Riordan,The Lost Hero,Fantasy;Fiction
164,Rainbow Rowell,Eleanor & Park,Romance;Drama
165,George R.R. Martin,A Feast for Crows,Fantasy;Thriller
166,Ally Condie,Matched,Romance;Fantasy
167,Neil Gaiman,American Gods,Fantasy;Drama
168,"Stephen King, Bernie Wrightson",The Stand,Fantasy;Fiction
169,Nicholas Sparks,The Last Song,Romance;Drama
170,Dan Brown,Digital Fortress,Thriller;Drama
171,"Jane Austen, Fiona Stafford",Emma,Classic;Comedy;Romance;Drama
172,"Leo Tolstoy, Louise Maude, Leo Tolstoj, Aylmer Maude",Анна Каренина,Fiction
173,Anthony Burgess,A Clockwork Orange,Drama;Thriller
174,William Paul Young,The Shack: Where Tragedy Confronts Eternity,Drama;Fiction
175,Rick Riordan,The Last Olympian,Fantasy;Thriller;Kids
176,Stephen King,It,Horror;Thriller
177,"Fyodor Dostoyevsky, David McDuff",Преступление и наказание,Drama;Fiction
178,Sylvia Plath,The Bell Jar,Classic;Romance
179,Frank McCourt,Angela's Ashes: A Memoir,Biography
180,"Hermann Hesse, Hilda Rosner",Siddhartha,History;Self-Help
181,Truman Capote,In Cold Blood,Fiction;Thriller
182,"Kami Garcia, Margaret Stohl",Beautiful Creatures,Romance;Fantasy
183,Cassandra Clare,Clockwork Angel,Fantasy;Fiction
184,"Roald Dahl, Quentin Blake",Matilda,Kids;Fantasy
185,Erin Morgenstern,The Night Circus,Fantasy
186,Philippa Gregory,The Other Boleyn Girl,Romance;Drama
187,Scott Westerfeld,Uglies,Fantasy
188,George R.R. Martin,A Dance with Dragons,Fantasy;Thriller
189,J.R.R. Tolkien,The Lord of the Rings,Fantasy
190,Cheryl Strayed,Wild: From Lost to Found on the Pacific Crest Trail ,Biography
191,"Alan Moore, Dave Gibbons, John Higgins",Watchmen,Fiction;Fantasy
192,Patrick Rothfuss,The Name of the Wind,Fantasy
193,Malcolm Gladwell,Outliers: The Story of Success,Self-Help
194,"Herman Melville, Andrew Delbanco, Tom Quirk","Moby Dick; or, The Whale",Classic;Fiction
195,"Mary Ann Shaffer, Annie Barrows",The Guernsey Literary and Potato Peel Pie Society,History;Fiction
196,Chuck Palahniuk,Fight Club,Comedy;Drama
197,Charlaine Harris,Dead Until Dark,Romance;Fantasy;Fiction
198,Alice Walker,The Color Purple,Drama;History;Fiction
199,John Grogan,Marley & Me: Life and Love with the World's Worst Dog,Biography
200,Agatha Christie,Ten Little Niggers,Kids;Fiction
201,Dan Brown,The Lost Symbol,Thriller;Drama
202,Becca Fitzpatrick,"Hush, Hush",Horror;Drama
203,Jamie McGuire,Beautiful Disaster,Romance;Drama
204,Charles Dickens,A Christmas Carol,Fantasy
205,Anne Rice,Interview with the Vampire,Horror;Fantasy;Drama
206,Kiera Cass,The Selection,Fantasy;Young-Age;Romance
207,Janet Evanovich,One for the Money,Crime
208,Rebecca Skloot,The Immortal Life of Henrietta Lacks,Biography
209,Thomas Harris,The Silence of the Lambs,Crime;Drama
210,Richelle Mead,Vampire Academy,Horror;Fantasy;Drama
211,Malcolm Gladwell,Blink: The Power of Thinking Without Thinking,Self-Help
212,Ian McEwan,Atonement,Psychological
213,"Franz Kafka, Stanley Corngold",Die Verwandlung,Comedy;SciFi
214,Rick Riordan,The Titan's Curse,Fantasy;Kids;Thriller
215,Ernest Cline,Ready Player One,SciFi;Fantasy
216,Garth Stein,The Art of Racing in the Rain,Fiction
217,"Erik Larson, Tony Goldwyn","The Devil in the White City: Murder, Magic, and Madness at the Fair that Changed America",History
218,Sylvia Day,Bared to You,Erotic;Romance
219,"C.S. Lewis, Pauline Baynes",The Chronicles of Narnia,Fantasy;Kids
220,Mark Cotta Vaz,Twilight: The Complete Illustrated Movie Companion,Fantasy;Romance
221,Dave Pelzer,"A Child Called ""It"": One Child's Courage to Survive",Biography;Kids
222,Robert Ludlum,The Bourne Identity,Thriller;Fiction
223,Eoin Colfer,Artemis Fowl,Young-Age;Fantasy
224,Lauren Kate,Fallen,Young-Age;Fantasy;Romance;Horror
225,John Steinbeck,East of Eden  ,Romance;Fiction
226,Gillian Flynn,Dark Places,Thriller;Drama
227,John Grisham,The Client,Thriller;Drama;Fiction
228,"Emma McLaughlin, Nicola Kraus",The Nanny Diaries,Comedy;Drama
229,"Lewis Carroll, John Tenniel, Martin Gardner",Alice's Adventures in Wonderland,Kids;Fantasy
230,"Jane Austen, James Kinsley, Deidre Shauna Lynch",Persuasion,Classic;History;Romance
231,Tatiana de Rosnay,Elle s'appelait Sarah,History
232,Stephen King,The Gunslinger,Fantasy;Fiction
233,"Gabriel García Márquez, Edith Grossman",El amor en los tiempos del cólera,Romance;Fantasy
234,Laurie Halse Anderson,Speak,Young-Age;Drama
235,Liane Moriarty,The Husband's Secret ,Thriller
236,Jon Krakauer,Into Thin Air: A Personal Account of the Mt. Everest Disaster,Biography;History
237,Stephen King,Carrie,Horror;Thriller;Drama;SciFi
238,Augusten Burroughs,Running with Scissors,Biography
239,Max Brooks,World War Z: An Oral History of the Zombie War,Horror;Fiction
240,Dan Brown,Inferno,Thriller;Fiction
241,Lois Lowry,Number the Stars,History;Fiction
242,James Patterson,Along Came a Spider,Crime;Thriller
243,Stephen King,Misery,Psychological;Horror
244,Gillian Flynn,Sharp Objects,Thriller;Fiction
245,Katherine Paterson,Bridge to Terabithia,Kids
246,"P.C. Cast, Kristin Cast",Marked,Young-Age;Romance
247,Stephen R. Covey,The 7 Habits of Highly Effective People,Self-Help
248,"William Shakespeare, Barbara A. Mowat, Paul Werstine, Catherine Belsey",A Midsummer Night's Dream,Comedy;Fantasy
249,Jonathan Safran Foer,Extremely Loud and Incredibly Close,Fiction;History
250,R.J. Palacio,Wonder,Drama
251,Dr. Seuss,The Cat in the Hat,Kids
252,Marissa Meyer,Cinder,Fantasy;Romance
253,"Robert Galbraith, J.K. Rowling",The Cuckoo's Calling,Thriller;Fantasy
254,Maggie Stiefvater,Shiver,Fantasy
255,"Ayn Rand, Leonard Peikoff",Atlas Shrugged,Thriller;Romance;Fantasy
256,"Greg Mortenson, David Oliver Relin",Three Cups of Tea ,Biography
257,"Jane Carruth, Lewis Carroll, Rene Cloke",Alice in Wonderland,Fantasy;Drama
258,"Carlos Ruiz Zafón, Lucia Graves",La sombra del viento,Thriller;Fantasy
259,James Dashner,The Scorch Trials,Fantasy;Thriller
260,Dale Carnegie,How to Win Friends and Influence People,Self-Help
261,Frances Mayes,Under the Tuscan Sun,Romance;Self-Help
262,Liane Moriarty,Big Little Lies,Drama;Thriller
263,Gail Carson Levine,Ella Enchanted,Fiction
264,Ernest Hemingway,The Sun Also Rises,Fiction
265,Betty  Smith,A Tree Grows In Brooklyn ,Fiction
266,James Patterson,Kiss the Girls,Thriller
267,Kristin Hannah,The Nightingale,Fiction;Biography
268,Kazuo Ishiguro,Never Let Me Go,Drama
269,Cecelia Ahern,"PS, I Love You",Romance;Drama
270,"Daphne du Maurier, Sally Beauman",Rebecca,Thriller;Romance
271,Daniel Keyes,Flowers for Algernon,Fiction
272,"Laura Esquivel, Thomas  Christensen, Carol Christensen",Como agua para chocolate,Romance;Drama
273,Lisa See,Snow Flower and the Secret Fan,Fiction
274,"Mario Puzo, Robert Thompson, Peter Bart",The Godfather,Thriller;Drama
275,John Green,An Abundance of Katherines,Romance
276,Isaac Asimov,Foundation,Fiction
277,Neil Gaiman,The Ocean at the End of the Lane,Horror;Fantasy
278,Shel Silverstein,A Light in the Attic,Fantasy;Fiction
279,"John Tiffany, Jack Thorne, J.K. Rowling","Harry Potter and the Cursed Child, Parts One and Two",Fantasy;Fiction
280,Lauren Oliver,Delirium,Romance
281,John Grisham,The Pelican Brief,Thriller
282,Neil Gaiman,Coraline,Fantasy
283,"Terry Pratchett, Neil Gaiman","Good Omens: The Nice and Accurate Prophecies of Agnes Nutter, Witch",Fantasy
284,Jack Kerouac,On the Road,Fiction
285,Graeme Simsion,The Rosie Project,Romance
286,Nicholas Sparks,The Lucky One,Romance;Drama
287,"Ayn Rand, Leonard Peikoff",The Fountainhead,Fiction;Self-Help
288,Tom Clancy,The Hunt for Red October,Fiction;Thriller
289,Richard Adams,Watership Down,Fiction;Fantasy
290,Mindy Kaling,Is Everyone Hanging Out Without Me? (And Other Concerns),Biography
291,Abraham Verghese,Cutting for Stone,Fiction
292,"C.S. Lewis, Pauline Baynes",The Voyage of the Dawn Treader,Fantasy
293,Robert Louis Stevenson,Treasure Island,Kids;Fiction;Thriller
294,Rick Riordan,The Son of Neptune ,Fiction;Kids
295,Stephen King,11/22/1963,Fantasy
296,Eric Carle,The Very Hungry Caterpillar,Kids
297,Kurt Vonnegut Jr.,Cat's Cradle,Fiction
298,"H.G. Wells, Greg Bear, Carlo Pagetti",The Time Machine,Fantasy
299,"Todd Burpo, Lynn Vincent",Heaven is Real,Kids;Drama
300,John Boyne,The Boy in the Striped Pyjamas,Drama;History
301,Joseph Conrad,Heart of Darkness,History
302,Nicholas Sparks,Safe Haven,Drama;Romance
303,Rhonda Byrne,The Secret,Self-Help
304,Wally Lamb,I Know This Much Is True ,Fiction
305,Stephen King,Pet Sematary,Drama
306,Wally Lamb,She's Come Undone,Drama
307,Patrick Rothfuss,The Wise Man's Fear,Fantasy
308,Sophie Kinsella,Can You Keep a Secret?,Fiction;Drama
309,Cassandra Clare,City of Fallen Angels,Fantasy
310,Jennifer Weiner,Good in Bed,Fiction;Romance
311,Colleen McCullough,The Thorn Birds,Drama
312,"Neil Gaiman, Dave McKean",The Graveyard Book,Kids;Fantasy
313,M.L. Stedman,The Light Between Oceans,Drama;Romance
314,"Cornelia Funke, Anthea Bell",Tintenherz,Kids;Fantasy
315,"Spencer Johnson, Kenneth H. Blanchard",Who Moved My Cheese?,Fiction;Self-Help
316,Bill Bryson,A Walk in the Woods,Biography;Drama
317,Maya Angelou,I Know Why the Caged Bird Sings,Biography
318,Christina Baker Kline,Orphan Train,History;Fiction
319,Cassandra Clare,City of Lost Souls,Fantasy
320,Maria Semple,"Where'd You Go, Bernadette",Fiction
321,Wilson Rawls,Where the Red Fern Grows,Kids
322,Neil Gaiman,Neverwhere,Fantasy
323,"Milan Kundera, Michael Henry Heim",Nesnesitelná lehkost bytí,Fiction;Self-Help
324,Rainbow Rowell,Fangirl,Fiction;Kids
325,John Irving,A Prayer for Owen Meany,Fiction
326,Janet Fitch,White Oleander,Fiction;Drama
327,Marie Lu,Legend,Romance;Fantasy
328,Jodi Picoult,Nineteen Minutes,Thriller
329,"Randy Pausch, Jeffrey Zaslow",The Last Lecture,Self-Help;Academic
330,Robert Jordan,The Eye of the World,Kids;Fantasy;Fiction
331,Jodi Picoult,The Pact,Thriller;Horror
332,C.S. Lewis,The magician's nephew,Kids;Fantasy
333,Lisa Genova,Still Alice,Drama
334,Sylvia Day,Reflected in You,Romance;Erotic
335,"Roald Dahl, Quentin Blake",James and the Giant Peach,Fantasy
336,James Patterson,1st To Die,Thriller;Fiction
337,Douglas Adams,The Ultimate Hitchhiker's Guide: Five Complete Novels and One Story,Fantasy;Fiction
338,David Nicholls,One Day,Drama;Romance
339,"Margaret Wise Brown, Clement Hurd",Goodnight Moon,Kids
340,Pittacus Lore,I Am Number Four,Romance;Fantasy
341,"Homer, Robert Fagles, Frédéric Mugler, Bernard Knox",Ἰλιάς,Poetry
342,J.K. Rowling,The Casual Vacancy,Fiction;Drama
343,John Grisham,The Runaway Jury,Thriller;Fiction
344,David Sedaris,Naked,Fiction
345,Christopher Paolini,Eldest,Fantasy;Fiction
346,"L. Frank Baum, W.W. Denslow",The Wonderful Wizard of Oz,Kids;Drama
347,C.S. Lewis,Prince Caspian: The Return to Narnia,Kids;Fantasy
348,E. Lockhart,We Were Liars,Kids;Fiction
349,Stephen King,Salem's Lot,Horror;Fiction
350,"Hunter S. Thompson, Ralph Steadman",Fear and Loathing in Las Vegas: A Savage Journey to the Heart of the American Dream,Drama
351,Cassandra Clare,Clockwork Prince,Kids;Fiction
352,Amy Poehler,Yes Please,Biography
353,William Shakespeare,"The Tragedy of Othello, The Moor of Venice",Classic
354,Toni Morrison,Beloved,Fiction;Fantasy
355,Kristin Cashore,Graceling,Fantasy;Romance;Fiction
356,"Lemony Snicket, Brett Helquist",The Bad Beginning,Fiction;Thriller
357,"Erich Maria Remarque, A.W. Wheen",Im Westen nichts Neues,History
358,Dr. Seuss,"Oh, the Places You'll Go!",Kids
359,Khaled Hosseini,And The Mountains Echoed,Fiction;History
360,"Philip K. Dick, Roger Zelazny",Do Androids Dream of Electric Sheep?,Fantasy;Fiction
361,"Charles Dickens, George Cruikshank, Philip Horne",Oliver Twist,Kids;Fiction
362,C.S. Lewis,A Grief Observed,Drama;History
363,Stephanie Perkins,Anna and the French Kiss,Fiction;Romance
364,Dr. Seuss,How the Grinch Stole Christmas!,Kids;Fantasy
365,"Alan Moore, David   Lloyd",V for Vendetta,Thriller
366,David McCullough,John Adams,Biography
367,Dean Koontz,Odd Thomas,Horror;Thriller
368,Philip Pullman,The Subtle Knife,Kids;Fantasy
369,Jerry Spinelli,Stargirl,Fiction;Romance
370,Rick Riordan,The Red Pyramid,Fantasy
371,Robert A. Heinlein,Stranger in a Strange Land,Fantasy
372,David Sedaris,Dress Your Family in Corduroy and Denim,Academic
373,"Roald Dahl, Quentin Blake",The BFG,Kids;Fiction
374,Bill Bryson,A Short History of Nearly Everything,History
375,Jack London,The Call of the Wild,Fiction
376,James Dashner,The Death Cure,Fantasy;Kids
377,Neil Gaiman,Stardust,Fantasy;Romance
378,Jhumpa Lahiri,The Namesake,Drama
379,Deborah Harkness,A Discovery of Witches,Fantasy;Romance;Fiction
380,"Haruki Murakami, Jay Rubin",ノルウェイの森 [Noruwei no Mori],Drama;Erotic
381,Billie Letts,Where the Heart Is,Drama;Romance
382,"John Green, David Levithan","Will Grayson, Will Grayson",Fiction;Kids;Romance
383,James Frey,A Million Little Pieces,Thriller
384,Richelle Mead,Frostbite,Thriller;Erotic
385,Susan Cain,Quiet: The Power of Introverts in a World that Can't Stop Talking,Self-Help
386,Scott O'Dell,Island of the Blue Dolphins,Kids
387,"Arthur Miller, Christopher Bigsby",The Crucible,Drama
388,Gary Paulsen,Hatchet,Classic;Fiction
389,Brandon Sanderson,Mistborn : The Final Empire,Fantasy;Fiction
390,"Robert Louis Stevenson, Vladimir Nabokov, Mervyn Peake, Dan Chaon",The Strange Case of Dr Jekyll and Mr Hyde,Kids;Horror;Thriller;Fiction
391,Dr. Seuss,The Lorax,Kids
392,Jeff Kinney,Greg Heffley's Journal,Kids;Drama
393,Sarah J. Maas,Throne of Glass,Fiction;Romance
394,Richelle Mead,Shadow Kiss,Fantasy;Erotic
395,Ernest Hemingway,For Whom the Bell Tolls,History;Drama
396,Jamie Ford,Hotel on the Corner of Bitter and Sweet,History;Fiction
397,"Patrick Süskind, John E. Woods",Das Parfum. Die Geschichte eines Mörders,Drama;Fiction
398,Eric Schlosser,Fast Food Nation : The Dark Side of the All-American Meal ,Academic
399,J.K. Rowling,The Tales of Beedle the Bard,Kids;Fantasy;Fiction
400,William Gibson,Neuromancer,Fantasy
401,Ernest Hemingway,A Farewell to Arms,History;Fantasy
402,Edgar Allan Poe,The Tell-Tale Heart,Horror;Fiction
403,"Sun Tzu, Thomas Cleary",孫子兵法 [Sūnzi bīngfǎ],Self-Help;Fiction
404,William Landay,Defending Jacob,Thriller;Fiction
405,Kurt Vonnegut Jr.,Breakfast of Champions,History;Classic
406,Betty Edwards,Drawing on the Right Side of the Brain,Academic
407,Ann Patchett,Bel Canto,Thriller
408,Jared Diamond,"Guns, Germs, and Steel: The Fates of Human Societies",Academic
409,Fannie Flagg,Fried Green Tomatoes at the Whistle Stop Cafe,Fiction
410,Chinua Achebe,Things Fall Apart,Academic;History
411,Sophie Kinsella,The Undomestic Goddess,Kids
412,Gary Chapman,The Five Love Languages: How to Express Heartfelt Commitment to Your Mate,History;Self-Help
413,Alexandre Dumas,Les Trois Mousquetaires,Classic;Kids
414,Chris Cleave,The Other Hand,Fiction
415,Alyson Noel,Evermore,Fantasy;Fiction
416,"Roald Dahl, Quentin Blake",The Witches,Kids;Fantasy
417,Diane Setterfield,The Thirteenth Tale,Thriller;Fiction
418,Richelle Mead,Spirit Bound,Romance;Fantasy;Erotic
419,Richelle Mead,Blood Promise,Romance;Erotic;Fantasy
420,Nicholas Sparks,Message in a Bottle,Romance;Drama
421,Paula McLain,The Paris Wife,Fiction
422,J.K. Rowling,Complete Harry Potter Boxed Set,Fantasy;Kids
423,Kiera Cass,The Elite,Fiction;Kids
424,"Umberto Eco, William Weaver, Seán Barrett",Il nome della rosa,History;Fiction
425,"Beatrice Sparks, Anonymous",Go Ask Alice,Self-Help;Fiction
426,"John Kennedy Toole, Walker Percy",A Confederacy of Dunces,Drama
427,Oscar Wilde,The Importance of Being Earnest,Fiction;Classic
428,Rick Riordan,The Mark of Athena,Fantasy
429,Terry Pratchett,The Colour of Magic,Fantasy;Comedy
430,"Haruki Murakami, Philip Gabriel",海辺のカフカ [Umibe no Kafuka],Fantasy
431,Thomas Harris,Red Dragon,Horror;Fiction
432,Isaac Asimov,"I, Robot",Fiction;Fantasy
433,J.R. Ward,Dark Lover,Fiction;Romance
434,Becca Fitzpatrick,Crescendo,Romance;Fiction
435,Lauren Oliver,Before I Fall,Romance;Kids;Drama
436,Arundhati Roy,The God of Small Things,Fiction
437,Sue Monk Kidd,The Invention of Wings,History;Biography
438,Liane Moriarty,What Alice Forgot,Fiction;Self-Help
439,"Stephen Hawking, Cao Chi, Phạm Văn Thiều",A Brief History of Time: From the Big Bang to Black Holes,Academic;Fiction
440,Ken Follett,Fall of Giants,History
441,Stephen King,Under the Dome,Fantasy;Fiction
442,Neal Stephenson,Snow Crash,Fantasy
443,Sarah Dessen,Just Listen,Fiction;Self-Help
444,"A.A. Milne, Ernest H. Shepard",Winnie-the-Pooh,Kids;Comedy
445,S.J. Watson,Before I Go to Sleep,Thriller
446,Arthur Conan Doyle,A Study in Scarlet,Thriller
447,Christopher Paolini,Brisingr,Fantasy
448,Rick Warren,The Purpose Driven Life: What on Earth am I Here For?,Self-Help;History
449,"P.C. Cast, Kristin Cast",Betrayed: a House of Night Novel,Erotic
450,Jim Butcher,Storm Front,Fiction;Fantasy
451,"Jane Austen, Alfred MacAdam",Northanger Abbey,Classic;Romance
452,Rick Yancey,The 5th Wave,Fiction
453,Charles Frazier,Cold Mountain,Drama;Romance
454,"Laura Joffe Numeroff, Felicia Bond",If You Give a Mouse a Cookie,Kids
455,Emily Giffin,Something Blue,Fiction;Romance
456,Tennessee Williams,A Streetcar Named Desire,Romance;Drama
457,Elizabeth Kostova,The Historian,Horror;Fiction
458,Emily St. John Mandel,Station Eleven,Fantasy
459,"Fredrik Backman, Henning Koch",En man som heter Ove,Drama
460,Cassandra Clare,Clockwork Princess,Romance;Fantasy
461,Pearl S. Buck,The Good Earth,Classic;Fiction
462,John Berger,Ways of Seeing,Academic;Fiction
463,Diana Gabaldon,Dragonfly in Amber,History;Romance
464,Anonymous,Holy Bible,Self-Help
465,Jennifer Weiner,In Her Shoes,Drama;Comedy
466,"Chuck Dixon, J.R.R. Tolkien, David Wenzel, Sean Deming",The Hobbiter,Classic;Fiction
467,Junot Díaz,The Brief Wondrous Life of Oscar Wao,Fiction;Self-Help
468,Zora Neale Hurston,Their Eyes Were Watching God,Fiction
469,"Newt Scamander, J.K. Rowling, Albus Dumbledore",Fantastic Beasts and Where to Find Them,Kids;Fantasy
470,"Malala Yousafzai, Christina Lamb",I Am Malala: The Girl Who Stood Up for Education and Was Shot by the Taliban,Biography
471,"Jane Austen, Kathryn Sutherland, Tony Tanner, Claire Lamont",Mansfield Park,Classic
472,Viktor E. Frankl,…trotzdem Ja zum Leben sagen: Ein Psychologe erlebt das Konzentrationslager,Self-Help;Fiction
473,Tana French,In the Woods,Thriller
474,Richard Dawkins,The God Delusion,Academic;Fiction
475,Gayle Forman,Where She Went,Drama;Romance
476,John Irving,The World According to Garp,Comedy;Fiction
477,Lee Child,Killing Floor,Thriller
478,"Daniel Defoe, Gerald McCann, Virginia Woolf","The Life and Strange Surprising Adventures of Robinson Crusoe of York, Mariner",History;Fiction;Classic
479,"Niccolò Machiavelli, Adolph Caso, Rufus Goodwin, Benjamin Martinez",Il Principe,History
480,Philip Pullman,The Amber Spyglass,Fantasy
481,Terry Goodkind,Wizard's First Rule,Fantasy;Fiction
482,Kathleen Grissom,The Kitchen House,History;Fiction
483,J.D. Salinger,Franny and Zooey,Fiction
484,Chuck Palahniuk,Choke,Erotic;Fiction
485,"Fyodor Dostoyevsky, Richard Pevear, Larissa Volokhonsky",Братья Карамазовы,Fiction;Academic
486,Jeanne DuPrau,The City of Ember,Fantasy;Fiction
487,Michael Crichton,The Andromeda Strain,Thriller;Fiction
488,Stephen King,The Green Mile,Fantasy
489,Kahlil Gibran,The Prophet,Poetry
490,Art Spiegelman,Maus: A Survivor's Tale : My Father Bleeds History,History
491,"P.C. Cast, Kristin Cast",Untamed: A House of Night Novel,Erotic;Fantasy
492,Orson Scott Card,Speaker for the Dead,Fiction
493,C.S. Lewis,Mere Christianity,Self-Help;Fiction
494,Donna Tartt,The Secret History,Fiction
495,Dave Eggers,A Heartbreaking Work of Staggering Genius,Biography
496,Jean M. Auel,The Clan of the Cave Bear,Romance;Fiction
497,Anna Sewell,Black Beauty,Kids;Classic
498,"Leo Tolstoy, Henry Gifford, Aylmer Maude, Louise Maude",Война и миръ,History
499,Bret Easton Ellis,American Psycho,Thriller;Horror
500,Meg Cabot,The Princess Diaries,Romance;Drama
501,Alexander McCall Smith,The No. 1 Ladies' Detective Agency ,Thriller;Drama
502,"Robert Kirkman, Tony Moore","The Walking Dead, Vol. 1: Days Gone Bye",Thriller;Drama
503,Arthur C. Clarke,2001: A Space Odyssey,Fantasy
504,Francine Rivers,Redeeming Love,Romance;Drama
505,"Tim LaHaye, Jerry B. Jenkins",Left Behind:  A Novel of the Earth's Last Days,Drama
506,Kiera Cass,The One,Romance
507,Suzanne Collins,The Hunger Games Box Set,Fantasy;Thriller;Romance
508,Barbara Ehrenreich,Nickel and Dimed: On (Not) Getting By in America,Biography
509,Sophie Kinsella,Remember Me?,Romance;Drama
510,Robert Jordan,The Great Hunt,Fantasy;Drama
511,Patricia Cornwell,Post-Mortem:  A Mystery Introducing Dr. Kay Scarpetta,Fiction;Thriller;Drama
512,Edgar Allan Poe,The Complete Tales of Edgar Allan Poe,Poetry;Fiction
513,"Corrie ten Boom, John Sherrill, Elizabeth Sherrill",The Hiding Place,Biography
514,Arthur Conan Doyle,The Adventures of Sherlock Holmes,Fiction;Thriller;Drama
515,Pat Conroy,The Prince of Tides,Romance;Drama
516,Michael Chabon,The Amazing Adventures of Kavalier & Clay,Fiction
517,Simone Elkeles,Perfect Chemistry,Romance;Fiction
518,"J.M. Barrie, Michael Hague",Peter Pan,Kids;Fantasy;Fiction
519,Scott Westerfeld,Pretties,Drama;Fiction
520,"Haruki Murakami, Jay Rubin",ねじまき鳥クロニクル [Nejimakidori kuronikuru],Fiction
521,Michael Connelly,The Lincoln Lawyer ,Thriller;Fiction
522,David Mitchell,Cloud Atlas,Drama;Fantasy;Fiction
523,Tim O'Brien,The Things They Carried,Fiction;Drama
524,Banksy,Wall and Piece,Biography;Drama
525,Lauren Oliver,Pandemonium,Fiction;Romance
526,Jeff Lindsay,Darkly Dreaming Dexter,Thriller;Fiction;
527,Charlaine Harris,Living Dead in Dallas,Fantasy;Fiction;Romance
528,Robert Jordan,The Dragon Reborn ,Fantasy;Fiction
529,"Jonathan Swift, Robert DeMaria Jr.",Gulliver’s Travels,Kids;Fantasy;Fiction;Drama
530,"William Shakespeare, Barbara A. Mowat, Paul Werstine, Gail Kern Paster, Robert          Jackson",Much Ado About Nothing,Drama;Fiction
531,"Unknown, Seamus Heaney",Beowulf,Poetry;Drama
532,"Frank Miller, David Mazzucchelli, Richmond Lewis, Dennis O'Neil",Batman: Year One,Fiction;Drama
533,Harper Lee,Go Set a Watchman,Fiction
534,David Sedaris,When You Are Engulfed in Flames,Biography;History
535,Laini Taylor,Daughter of Smoke & Bone,Fantasy;Fiction
536,Victoria Aveyard,Red Queen,Romance;Fiction;Fantasy
537,Charles Duhigg,The Power of Habit,Self-Help
538,John Berendt,Midnight in the Garden of Good and Evil,Thriller;Fiction
539,Colleen Hoover,Hopeless,Romance;Fiction
540,"Frances Hodgson Burnett, Nancy Bond",A Little Princess,Kids;Fiction
541,Sarah Dessen,The Truth About Forever,Romance;Kids
542,C.S. Lewis,The horse and his boy,Fantasy;Kids;Fiction
543,Richelle Mead,Last Sacrifice ,Fantasy;Fiction;Thriller
544,"Laura Ingalls Wilder, Garth Williams",Little House on the Prairie,Kids;Fiction
545,"Margery Williams Bianco, William   Nicholson",The Velveteen Rabbit,Kids;Fiction
546,Robert M. Pirsig,Zen and the Art of Motorcycle Maintenance,Fiction;Self-Help
547,"H.G. Wells, Arthur C. Clarke",The War of the Worlds,Fiction
548,Sara Shepard,Pretty Little Liars,Kids;Fiction
549,Don Freeman,Corduroy,Kids
550,Michael Pollan,The Omnivore's Dilemma,Academic
551,Kate Atkinson,Life After Life,History;Fiction
552,Nicholas Sparks,The Rescue,Romance;Fiction
553,Stephen King,Needful Things,Horror;Thriller
554,Diana Gabaldon,Voyager,History;Fantasy;Fiction
555,"Kenneth Branagh, William Shakespeare",Hamlet,Drama;Fiction
556,Stephen King,Cujo,Horror;Thriller
557,Jeffrey Eugenides,The Virgin Suicides,Drama
558,Charlaine Harris,Dead to the World,Fantasy;Romance
559,"Thomas Hardy, Tim Dolin, Margaret R. Higonnet",Tess of the d'Urbervilles: A Pure Woman Faithfully Presented,Romance;Fiction
560,"Gustave Flaubert, Margaret Mauldon, Malcolm Bowie, Mark Overstall",Madame Bovary,Classic
561,"Norton Juster, Jules Feiffer",The Phantom Tollbooth,Fantasy
562,Brandon Sanderson,The Way of Kings,Fantasy;Fiction
563,Charlaine Harris,Club Dead,Fantasy;Romance
564,Ned Vizzini,It's Kind of a Funny Story,Kids;Fiction
565,Brandon Sanderson,The Well of Ascension,Fantasy;Fiction
566,Jojo Moyes,After You,Romance;Fiction
567,Vanessa Diffenbaugh,The Language of Flowers,Romance;Fiction
568,"Frank Miller, Klaus Janson, Lynn Varley",Batman: The Dark Knight Returns,Fantasy;Fiction
569,James Patterson,The Angel Experiment,Fiction;Fantasy
570,Nick Hornby,High Fidelity,Fiction;Romance
571,Nicholas Sparks,The Guardian,Romance;Kids;Fiction
572,Margaret Atwood,Oryx and Crake,Fiction;Thriller
573,John Gray,"Men Are from Mars, Women Are from Venus Book of Days: 365 Inspirations to Enrich Your Relationships",Self-Help
574,Anthony Bourdain,Kitchen Confidential: Adventures in the Culinary Underbelly,Biography
575,Michael Crichton,Timeline,Fiction;History
576,Voltaire,Candide,Drama;Fiction
577,Natalie Babbitt,Tuck Everlasting,Drama;Romance;Fiction
578,"Stephen King, Marie Milpois",Christine,Horror;Fiction
579,P.D. Eastman,Are You My Mother?,Kids;Fiction
580,E.H. Gombrich,The Story of Art,Academic;History
581,Marissa Meyer,Scarlet,SciFi;Romance;Young-Age
582,Robert T. Kiyosaki,"Rich Dad , Poor Dad",Self-Help
583,Becca Fitzpatrick,Silence ,Fantasy;Young-Age
584,Lev Grossman,The Magicians,Fantasy
585,"Tsugumi Ohba, Takeshi Obata",デスノート #1 (Desu Nōto) Taikutsu (退屈),Thriller;Fantasy;Horror;Drama;Crime
586,Libba Bray,A Great and Terrible Beauty,Kids;Fantasy
587,Jonathan Safran Foer,Everything Is Illuminated,History;Fiction
588,Robert Ludlum,The Bourne Supremacy,Thriller;Drama
589,Tammara Webber,Easy,Kids;Romance
590,"Charles Dickens, Jeremy Tambling",David Copperfield,Classic;Kids;Drama;Romance
591,"Sherman Alexie, Ellen Forney",The Absolutely True Diary of a Part-Time Indian,Young-Age
592,"Mikhail Bulgakov, Katherine Tiernan O'Connor, Diana Burgin, Ellendea Proffer",Мастер и Маргарита,Drama;History
593,Ursula K. Le Guin,A Wizard of Earthsea,Classic;Fiction
594,"Kate DiCamillo, Chris Sheban",Because of Winn-Dixie,Kids;Fiction
595,John Knowles,A Separate Peace,Fantasy;Classic
596,John Grisham,The Rainmaker,Thriller;Fiction
597,"Miguel de Cervantes Saavedra, Roberto González Echevarría, John Rutherford",Don Quijote de La Mancha,Classic;Drama
598,Robin Hobb,Assassin's Apprentice,Fantasy
599,Douglas Adams,The Restaurant at the End of the Universe,SciFi;Drama
600,Lauren Kate,Torment,Young-Age;Fantasy
601,Beatrix Potter,The Tale of Peter Rabbit,Kids
602,"C.S. Lewis, Pauline Baynes",The Silver Chair,Kids;Fantasy;Fiction
603,Brandon Sanderson,The Hero of Ages,Fantasy;Fiction
604,Susanna Kaysen,"Girl, Interrupted",Biography
605,Chelsea Handler,"Are You There, Vodka? It's Me, Chelsea",Biography
606,"Richard Bach, Russell Munson",Jonathan Livingston Seagull,Self-Help
607,Cassandra Clare,City of Heavenly Fire,Fantasy;Fiction
608,"Robert Munsch, Sheila McGraw",Love You Forever,Fiction
609,Stephen King,Cell,Horror;Fiction
610,Daniel James Brown,The Boys in the Boat: Nine Americans and Their Epic Quest for Gold at the 1936 Berlin Olympics,History;Biography
611,"J.R.R. Tolkien, Christopher Tolkien, Ted Nasmith",The Silmarillion,Fantasy
612,Stephen King,The Drawing of the Three,Fantasy;Horror
613,Kate Morton,The Forgotten Garden,Domestic;History
614,"Franz Kafka, Edwin Muir, Willa Muir, Max Brod",Der Prozeß,Fiction;Drama
615,Sarah Dessen,This Lullaby,Kids;Romance;Fiction;Young-Age
616,Jodi Picoult,Plain Truth,Fantasy;Fiction
617,Piper Kerman,Orange Is the New Black: My Year in a Women's Prison,Biography
618,"Arthur Conan Doyle, Anne Perry",The Hound of the Baskervilles,Thriller
619,Daniel Kahneman,"Thinking, Fast and Slow",Self-Help
620,Marion Zimmer Bradley,The Mists of Avalon,Fantasy;History
621,Judy Blume,"Are You There God? It's Me, Margaret",Drama;Young-Age
622,Nicholas Sparks,Nights in Rodanthe,Romance;Drama
623,Stephen King,Mr. Mercedes,Thriller;Horror;Crime
624,Charlaine Harris,All Together Dead,Fantasy;Fiction;Romance
625,Chris Bohjalian,Midwives,Fiction
626,Chris Van Allsburg,The Polar Express,Kids;Fiction
627,"Jon Scieszka, Lane Smith",The True Story of the Three Little Pigs,Kids;Fiction
628,Tom Clancy,Patriot Games,Thriller;Fiction
629,"Paulo Coelho, Margaret Jull Costa",Veronika decide morrer,Fiction;Thriller;Self-Help
630,"Sheryl Sandberg, Nell Scovell","Lean In: Women, Work, and the Will to Lead",Biography
631,Charlaine Harris,Dead as a Doornail ,Fantasy;Fiction;Romance
632,Tahereh Mafi,"Shatter Me (Shatter Me, #1)",Romance;Young-Age
633,Robert A. Heinlein,Starship Troopers,Classic;SciFi
634,Sophie Kinsella,I've Got Your Number,Drama;Comedy
635,"Jostein Gaarder, Paulette Møller",Sofies Verden,Fiction
636,Mark Cotta Vaz,The Twilight Saga Breaking Dawn Part 1,Romance;Fantasy;Fiction
637,Ray Bradbury,The Martian Chronicles,Horror;SciFi
638,Jennifer Egan,A Visit From the Goon Squad,Psychological
639,"Johanna Spyri, Angelo  Rinaldi, Beverly Cleary",Heidi,Kids;Classic
640,Michael Crichton,Prey,Thriller;SciFi
641,C.S. Lewis,The Last Battle,Fantasy;Kids
642,Ken Follett,World Without End,History;Fiction
643,"P.C. Cast, Kristin Cast",Chosen: A House of Night Novel,Fantasy;Thriller;Fiction
644,Colleen Hoover,Slammed,Romance;Fiction
645,Alex Flinn,"Beastly (Beastly, #1, Kendra Chronicles, #1)",Kids;Fantasy;Romance
646,"Geoffrey Chaucer, Nevill Coghill",Tales of Caunterbury,Poetry;Fiction
647,Emily Giffin,Baby Proof,Romance;Drama;Domestic
648,Christopher Paolini,Inheritance,Fantasy
649,"Haruki Murakami, Jay Rubin, Philip Gabriel",いちきゅうはちよん [Ichi-Kyū-Hachi-Yon],History;Fiction
650,Harriet Beecher Stowe,Uncle Tom's Cabin or Life Among the Lowly,Classic;Fiction
651,"Gaston Leroux, Alexander Teixeira de Mattos",Le Fantôme de l'Opéra,Horror;Romance
652,Charlaine Harris,"Definitely Dead (Sookie Stackhouse, #6)",Fantasy;Fiction;Romance
653,"José Saramago, Giovanni Pontiero",Ensaio Sobre a Cegueira,Horror;Fiction
654,Jonathan Franzen,Freedom,Domestic
655,Ally Condie,Crossed,Drama;Romance
656,Ally Carter,"I'd Tell You I Love You, But Then I'd Have to Kill You",Young-Age;Thriller
657,Aravind Adiga,The White Tiger,Fiction;Drama
658,Jonathan Franzen,The Corrections,Domestic
659,Barack Obama,Dreams from My Father,Biography
660,Michael Crichton,Congo,Thriller;Fiction
661,"Judith Viorst, Ray Cruz","Alexander and the Terrible, Horrible, No Good, Very Bad Day",Kids
662,Jhumpa Lahiri,Interpreter of Maladies,Classic;Academic
663,Howard Zinn,A People's History of the United States: 1492 to Present ,History;Academic
664,Truman Capote,Breakfast at Tiffany's,Classic;Fiction
665,Justin Cronin,The Passage,Horror;SciFi;Fantasy
666,Neil Gaiman,Anansi Boys,Fantasy
667,Sarah Dessen,Along for the Ride,Young-Age;Romance;Drama
668,Celeste Ng,Everything I Never Told You,Fiction
669,"Isabel Allende, Magda Bogin",La casa de los espíritus,Biography
670,Stephen King,The Dead Zone,Horror;Thriller
671,"Agatha Christie, Ροζίτα Σώκου",The Mysterious Affair at Styles,Classic;Thriller
672,Agatha Christie,Murder in the Calais Coach,Classic;Thriller
673,Chimamanda Ngozi Adichie,Americanah,Fiction
674,James Patterson,Suzanne's Diary for Nicholas,Romance;Fiction
675,Stephen King,Firestarter,Horror;Thriller;SciFi
676,Sylvia Day,Entwined with You,Erotic;Romance
677,Christopher McDougall,"Born to Run: A Hidden Tribe, Superathletes, and the Greatest Race the World Has Never Seen",Biography;History
678,Gabrielle Zevin,The Storied Life of A.J. Fikry,Drama;Psychological
679,Ludwig Bemelmans,Mad About Madeline,Kids;Fiction
680,Napoleon Hill,Think and Grow Rich,Self-Help;Fiction
681,"Laura Ingalls Wilder, Garth Williams",Little House In The Big Woods,Kids;History;Fiction
682,Susanna Clarke,Jonathan Strange & Mr Norrell,Fiction;History
683,Nicholas Sparks,A Bend in the Road,Romance;Psychological
684,Rick Riordan,The House of Hades,Fantasy;Young-Age
685,Michael  Grant,Gone,Horror;SciFi;Thriller
686,Nicholas Sparks,The Wedding,Romance;Fiction
687,David McCullough,1776,History
688,Jon Krakauer,Under the Banner of Heaven: A Story of Violent Faith,History
689,Jess Walter,Beautiful Ruins,Romance;History;Fiction
690,Barack Obama,The Audacity of Hope: Thoughts on Reclaiming the American Dream,Biography
691,Stephen King,On Writing: A Memoir of the Craft,Biography
692,Kristin Hannah,Firefly Lane,Romance;Fiction
693,Michael Crichton,Sphere,Thriller;Fiction
694,Emily Giffin,Love the One You're With,Romance;Fiction
695,"Robert Galbraith, J.K. Rowling",The Silkworm,Thriller;Crime
696,Anne Rice,The Vampire Lestat,Horror;Fantasy
697,Ann Patchett,State of Wonder,Fiction;Drama
698,Matthew Quick,The Silver Linings Playbook,Comedy;Drama;Fiction
699,"Jules Verne, Anthony Bonner",Vingt Mille Lieues Sous les Mers,Fiction;Drama
700,Philippa Gregory,The Constant Princess,History;Fiction
701,"Virginia Woolf, Maureen Howard",Mrs Dalloway,Fiction
702,"Jonas Jonasson, Rod Bradbury",Hundraåringen som klev ut genom fönstret och försvann,Fiction
703,Stephen King,Bag of Bones,Fiction
704,John Irving,The Cider House Rules,Fiction
705,"Richard Bachman, Stephen King",Thinner,Horror
706,"Jules Verne, Michael Glencross, Brian W. Aldiss",Le tour du monde en quatre-vingts jours,Thriller;Fiction
707,Sharon Creech,Walk Two Moons,Young-Age
708,"Paulo Coelho, Margaret Jull Costa",Onze minutos,Erotic;Fiction
709,J.D. Salinger,Nine Stories,Drama;
710,Julie Powell,"Julie & Julia: 365 Days, 524 Recipes, 1 Tiny Apartment Kitchen",Biography
711,Neal Shusterman,Unwind,Drama;Thriller;Fiction
712,Diana Gabaldon,"Drums of Autumn (Outlander, #4)",History;Fiction
713,Marie Lu,Prodigy,Young-Age;Romance;Fiction
714,William Shakespeare,The Tragedie of King Lear,Classic;Drama
715,Arthur Miller,Death of a Salesman,Classic;Academic
716,Nicholas Sparks,The Choice,Romance;Fiction
717,Kate Egan,The Hunger Games Official Illustrated Movie Companion,SciFi;Drama
718,William Faulkner,The Sound and the Fury,Classic;Fiction
719,Eckhart Tolle,A New Earth: Awakening to Your Life's Purpose,Self-Help
720,Tite Kubo,BLEACH―ブリーチ―　1,Fantasy;Fiction
721,Allie Brosh,Hyperbole and a Half,Comedy;Biography
722,Robert Jordan,The Shadow Rising ,Fantasy;Fiction
723,Gregory David Roberts,Shantaram,Fiction;Biography;Crime
724,Charlaine Harris,From Dead to Worse,Fantasy;Fiction;Romance
725,"Stephen King, Ned Dameron",The Waste Lands,Fantasy;Horror;SciFi
726,Jeffery Deaver,The Bone Collector,Thriller;Crime
727,"Bernhard Schlink, Carol Brown Janeway",Der Vorleser,History
728,"Bill Martin Jr., Eric Carle","Brown Bear, Brown Bear, What Do You See?",Kids;Fiction
729,Dan Simmons,Hyperion,SciFi
730,John Steinbeck,The Pearl of the World,Fiction
731,William Peter Blatty,The Exorcist,Horror
732,Stephenie Meyer,The Short Second Life of Bree Tanner,Kids;Fantasy;Fiction;Romance
733,David Guterson,Snow Falling on Cedars,Fiction;Thriller
734,Alex Haley,Roots,History;Fiction
735,"Alan Moore, Brian Bolland, Tim Sale",Batman: The Killing Joke ,Comedy;Fiction
736,Ralph Ellison,Invisible Man,Thriller;Drama
737,Ishmael Beah,A Long Way Gone. Memoirs of a Boy Soldier,Biography
738,Robert C. O'Brien,Mrs. Frisby and the Rats of NIMH,Classic;Kids
739,Stephen King,Different Seasons,Horror;Comedy;Fiction;Fantasy
740,"Laura Ingalls Wilder, Garth Williams",The Little House Collection,Classic;Kids
741,Melissa Bank,The Girls' Guide to Hunting and Fishing,Fiction;Romance
742,Hugh Howey,Wool Omnibus,SciFi
743,Christopher Moore,"Lamb: The Gospel According to Biff, Christ's Childhood Pal",Comedy;Fiction
744,Eckhart Tolle,The Power of Now,Self-Help
745,Jenny  Lawson,Let's Pretend This Never Happened (A Mostly True Memoir),Biography;Comedy
746,Scott Lynch,The Lies of Locke Lamora,Fantasy
747,Garth Nix,Sabriel,Fiction;Fantasy
748,Charlaine Harris,Dead and Gone,Fantasy;Fiction;Romance
749,Jodi Picoult,The Storyteller,Psychological;History
750,Jennifer L. Armentrout,Obsidian,Fiction
751,Douglas Adams,"Life, the Universe and Everything",SciFi
752,Sarah J. Maas,Crown of Midnight,Fiction;Fantasy
753,Bryan Lee O'Malley,"Scott Pilgrim, Volume 1: Scott Pilgrim's Precious Little Life",Kids;Fiction
754,Jeannette Walls,Half Broke Horses: A True Life Novel,History;Fiction
755,Terry Pratchett,Mort,Fantasy
756,Julie Kagawa,"The Iron King (The Iron Fey, #1) ",Fantasy;Fiction
757,Larry McMurtry,Lonesome Dove,Romance;Fiction
758,Mary Roach,Stiff: The Curious Lives of Human Cadavers,History
759,Richelle Mead,Bloodlines,Fantasy;Young-Age
760,Orson Scott Card,Ender's Shadow,SciFi
761,Sophie Kinsella,Twenties Girl,Comedy
762,Thomas Keneally,Schindler's Ark,Biography;Fiction
763,Toni Morrison,The Bluest Eye,Fiction;Biography
764,Philippa Gregory,The White Queen,History;Fiction
765,"Malcolm X, Alex Haley",The Autobiography of Malcolm X,Biography
766,"Neil Gaiman, Sam Kieth, Mike Dringenberg, Malcolm Jones III, Todd Klein, Karen  Berger",Preludes & Nocturnes,Horror;Fantasy;Fiction
767,Laura Hillenbrand,Seabiscuit,Biography
768,Dennis Lehane,Shutter Island,Crime;Horror;Psychological
769,Arthur Conan Doyle,The Complete Sherlock Holmes,Fiction
770,"William Shakespeare, Roma Gill",The Tragedy of Julius Caesar,History;Classic
771,Erik Larson,"In the Garden of Beasts: Love, Terror, and an American Family in Hitler's Berlin",History
772,"Plato, Desmond Lee",Πολιτεία,Fiction;Fantasy
773,William Shakespeare,The Taming of the Shrew,Comedy;Classic
774,Marissa Meyer,Cress,Romance;Young-Age;SciFi
775,Patti Smith,Just Kids,Biography
776,Phaidon Press,The Art Book,Kids
777,Jane Green,Jemima J,Comedy;Fiction;Romance
778,"Victor Hugo, Walter J. Cobb",Notre-Dame de Paris,Romance;Fiction
779,Rohinton Mistry,A Fine Balance,History;Fiction
780,"Bill Watterson, G.B. Trudeau",Calvin and Hobbes,Comedy;Kids
781,Scott Westerfeld,Specials,SciFi;Young-Age
782,Kate Chopin,The Awakening,Psychological;Romance
783,"P.C. Cast, Kristin Cast",Hunted,Fantasy;Young-Age
784,Mitch Albom,For One More Day,Fiction;Kids
785,Tom Clancy,Clear and Present Danger,Thriller
786,Shel Silverstein,Falling Up,Poetry;Kids
787,Justin Halpern,Sh*t My Dad Says,Comedy;Biography
788,"Irvine Welsh, Eric Lindor Fall",Trainspotting,Comedy;Fiction
789,Isaac Asimov,Foundation and Empire,SciFi
790,Miguel Ruiz,"The Four Agreements: A Practical Guide to Personal Freedom, A Toltec Wisdom Book",Self-Help
791,Jodi Picoult,House Rules,Psychological
792,"Jacob Grimm, Wilhelm Grimm, Josef Scharl, Padraic Colum, Joseph Campbell, Margaret Raine Hunt, James Stern",Brüder Grimm: Kinder- und Hausmärchen,Kids
793,E.L. Konigsburg,From the Mixed-Up Files of Mrs. Basil E. Frankweiler,Kids
794,Stephen King,Doctor Sleep,Horror;Fiction
795,Nick Hornby,About a Boy,Romance;Fiction
796,Samantha Young,On Dublin Street,Erotic;Fiction;Romance
797,"Francis Chan, Danae Yankoski, Chris Tomlin",Crazy Love: Overwhelmed by a Relentless God,Academic;Drama
798,Dr. Seuss,"One Fish, Two Fish, Red Fish, Blue Fish",Kids
799,Dean Koontz,Watchers,Horror;Fiction
800,Helen Keller,The Story of My Life,Biography
801,Jonathan Tropper,This Is Where I Leave You,Psychological
802,Seth Grahame-Smith,Abraham Lincoln: Vampire Hunter,Thriller;Horror;Fantasy
803,"Natsuki Takaya, Alethea Nibley, Athena Nibley",フルーツバスケット 1,Fantasy;Romance;Young-Age
804,William Shakespeare,The Tempest,Comedy;Romance
805,"P.C. Cast, Kristin Cast",Burned: A House of Night Novel,Young-Age
806,"Stephen King, Dave McKean",Wizard and Glass,Fantasy;SciFi;Horror
807,Dave Eggers,The Circle,SciFi
808,Brian Selznick,The Invention of Hugo Cabret,History;Fiction
809,"Aldous Huxley, Christopher Hitchens",Brave New World/Brave New World Revisited,SciFi
810,Bisco Hatori,桜蘭高校ホスト部 1,Romance;Young-Age
811,Mary Kubica,The Good Girl,Psychological;Thriller
812,Abbi Glines,"Fallen Too Far (Too Far, #1)",Romance;Fiction
813,Rainbow Rowell,Landline,Romance;Fiction
814,"P.C. Cast, Kristin Cast",Tempted,Young-Age;Romance
815,Cormac McCarthy,No Country for Old Men,Thriller
816,Hilary Mantel,Wolf Hall,History;Fiction
817,Diana Wynne Jones,Howl's Moving Castle,Young-Age;Fantasy
818,"Stephen King, William Olivier Desmond",Dreamcatcher,SciFi
819,Henry David Thoreau,Walden; or Life in the Woods,Biography
820,Kazuo Ishiguro,The Remains of the Day,History
821,Nicholas Sparks,The Best of Me,Romance
822,Julian Barnes,The Sense of an Ending,Psychological
823,Sue Grafton,A is for Alibi,Crime;Thriller
824,"Sophocles, J.E. Thomas",Οἰδίπους Τύραννος,Drama;Fiction
825,Lisa See,Shanghai Girls,History;Fiction
826,"Kenneth Grahame, Gillian Avery",The Wind in the Willows,Kids
827,Jenny Han,To All the Boys I've Loved Before,Young-Age
828,"Marjane Satrapi, Mattias Ripa",Persepolis,Biography;Comedy
829,E.M. Forster,A Room with a View,Classic
830,Kody Keplinger,The DUFF: Designated Ugly Fat Friend,Young-Age
831,Sarah Dessen,Lock and Key,Young-Age
832,J.D. Robb,Naked in Death,Crime;Romance
833,John Grisham,The Chamber,Thriller;Young-Age;Fiction
834,Stephenie Meyer,Midnight Sun (Partial Draft),Young-Age;Fantasy;Romance
835,"Masashi Kishimoto, Katy Bridges",NARUTO -ナルト- 巻ノ一 ,Fantasy;Kids;Young-Age
836,Rachel Joyce,The Unlikely Pilgrimage of Harold Fry,Comedy;Fiction
837,David Levithan,Every Day,Fantasy;Young-Age;Romance
838,Orson Scott Card,Xenocide,SciFi
839,"William Shakespeare, Robert          Jackson, Barbara A. Mowat, Paul Werstine",The Merchant of Venice,Romance;Comedy
840,James Clavell,Shōgun,History;Fiction
841,J.R. Ward,"Lover Awakened (Black Dagger Brotherhood, #3)",Romance;Fantasy;Fiction
842,Sarah J. Maas,A Court of Thorns and Roses,Fantasy;Fiction
843,E.L. James,Fifty Shades Trilogy,Erotic;Romance
844,"Bill Martin Jr., John Archambault, Lois Ehlert",Chicka Chicka Boom Boom,Kids
845,Raina Telgemeier,Smile,Biography
846,"George Orwell, Christopher Hitchens", Animal Farm & 1984,Comedy;Drama
847,Jacquelyn Mitchard,The Deep End of the Ocean,Fiction
848,Amy Tan,The Bonesetter's Daughter,Fiction
849,Louise Rennison,"Angus, Thongs and Full-Frontal Snogging",Young-Age;Comedy
850,Robin Sloan,Mr. Penumbra's 24-Hour Bookstore,Fiction
851,V.C. Andrews,Flowers in the Attic,Drama;Fiction
852,"Paul Kalanithi, Abraham Verghese",When Breath Becomes Air,Biography
853,Jerry Spinelli,Maniac Magee,Young-Age;Kids
854,Chuck Palahniuk,Invisible Monsters,Comedy;Fiction
855,William Shakespeare,"Twelfth Night; or, What You Will",Comedy;Drama
856,Lois Lowry,Gathering Blue,Young-Age
857,Ellen Raskin,The Westing Game,Thriller;Fiction
858,Pierce Brown,Red Rising,SciFi
859,Brent Weeks,The Way of Shadows,Fantasy
860,Barbara Kingsolver,The Bean Trees,Comedy;Kids;Fiction
861,Jamie McGuire,Walking Disaster,Romance;Fiction
862,Brandon Sanderson,Words of Radiance,Fantasy
863,"Sam McBratney, Anita Jeram",Guess How Much I Love You,Kids;Young-Age
864,Diana Gabaldon,The Fiery Cross,History;Fiction
865,"Stephen King, John D. MacDonald",Night Shift,Horror
866,Peter Benchley,Jaws,Thriller
867,Nicole Krauss,The History of Love,History;Fiction
868,"Astrid Lindgren, Lauren Child, Florence Lamborn, Nancy Seligsohn",Pippi Långstrump,Kids
869,"Muriel Barbery, Alison Anderson",L'élégance du hérisson,Fiction
870,"Doris Kearns Goodwin, Suzanne Toren",Team of Rivals: The Political Genius of Abraham Lincoln,Biography
871,Charlaine Harris,Dead in the Family,Fantasy
872,"Albert Camus, Stuart Gilbert",La peste,Self-Help;Fiction
873,"Lemony Snicket, Brett Helquist",The Reptile Room,Comedy;Fiction
874,Susannah Cahalan,Brain on Fire,Biography
875,Melissa Marr,Wicked Lovely ,Young-Age;Fantasy
876,H.A. Rey,Curious George,Kids
877,"Michael Ende, Ralph Manheim, Roswitha Quadflieg",Die unendliche Geschichte,Fantasy;Classic
878,Sylvia Nasar,A Beautiful Mind,Biography
879,"Upton Sinclair, Earl Lee, Kathleen DeGrave",The Jungle,Fiction
880,Kelley Armstrong,The Summoning,Horror;Romance;Fiction
881,Oliver Sacks,The Man Who Mistook His Wife for a Hat and Other Clinical Tales,History
882,Ken Follett,Storm Island,Thriller;Fiction
883,Margaret Atwood,The Blind Assassin,History;Thriller;Fiction
884,Ransom Riggs,Hollow City,Young-Age;Horror;Fantasy
885,Andre Dubus III,House of Sand and Fog,Fiction
886,M.R. Carey,The Girl with All the Gifts,Horror;SciFi
887,William Faulkner,As I Lay Dying,Comedy
888,Crockett Johnson,Harold and the Purple Crayon,Kids
889,J.R. Ward,"Lover Eternal (Black Dagger Brotherhood, #2)",Romance;Fantasy;Fiction
890,Isaac Asimov,Second Foundation,SciFi
891,Jim Butcher,Fool Moon ,SciFi;Fantasy
892,Malcolm Gladwell,David and Goliath,Self-Help
893,"Hiromu Arakawa, Akira Watanabe",鋼の錬金術師 1,SciFi;Fantasy
894,Terry Pratchett,Guards! Guards!,Fantasy
895,Joan Didion,The Year of Magical Thinking,Biography
896,Lionel Shriver,We Need to Talk About Kevin,Fiction
897,Arthur C. Clarke,Rendezvous with Rama,SciFi
898,Anne Rice,The Queen of the Damned,Horror
899,"Edith Wharton, Maureen Howard",The Age of Innocence,Romance;Fiction
900,Richard Dawkins,The Selfish Gene,SciFi
901,Geraldine Brooks,Year of Wonders: A Novel of the Plague,History;Fiction
902,Michael Connelly,The Black Echo,Crime
903,Ayn Rand,Anthem,SciFi
904,Sylvain Reynard,Gabriel's Inferno,Romance
905,"Judi Barrett, Ron Barrett",Cloudy with a Chance of Meatballs,Fantasy
906,Helen Simonson,Major Pettigrew's Last Stand,Romance;Fiction
907,Nora Roberts,Vision in White,Romance
908,Jodi Picoult,The Tenth Circle,Drama
909,Rick Riordan,The Throne of Fire,Fantasy
910,John Scalzi,Old Man's War,SciFi
911,Stephen King,Gerald's Game,Psychological;Horror;Thriller
912,Janet Evanovich,Two for the Dough,Crime
913,"Irma S. Rombauer, Marion Rombauer Becker, Ethan Becker",The Joy of Cooking,Academic;Self-Help
914,Joe Haldeman,The Forever War,SciFi
915,"Stephen King, Bettina Blanch Tyroller",Insomnia,Horror;Fantasy
916,Azar Nafisi,Reading Lolita in Tehran: A Memoir in Books,Biography
917,Joe Abercrombie,The Blade Itself,Crime
918,Eoin Colfer,The Arctic Incident,Kids;Fantasy
919,Annie Proulx,The Shipping News,Fiction
920,"Marie Kondō, Cathy Hirano",人生がときめく片づけの魔法,Self-Help
921,"Jennifer Niven, فرانک معنوی",All the Bright Places,Young-Age
922,Kathy Reichs,Déjà Dead,Crime
923,Michael Scott,The Alchemyst: The Secrets of The Immortal Nicholas Flamel,Fantasy;Thriller;Fiction
924,Jeffrey Eugenides,The Marriage Plot,Fiction
925,"Isabel Allende, Margaret Sayers Peden",Hija de la fortuna,Romance;History;Fiction
926,Jessica Knoll,Luckiest Girl Alive,Fantasy;Thriller
927,Ellen Hopkins,"Crank (Crank, #1)",Young-Age
928,Maggie Stiefvater,The Raven Boys,Young-Age;Fantasy;Fiction
929,Richard Matheson,I Am Legend and Other Stories,SciFi;Horror;Fantasy
930,Elizabeth Strout,Olive Kitteridge,Fiction
931,"Lena Dunham, Joana Avillez",Not that Kind of Girl,Biography
932,James C. Collins,Good to Great: Why Some Companies Make the Leap... and Others Don't,Self-Help
933,Kristin Cashore,Fire,Fantasy
934,Samuel Beckett,En attendant Godot,Comedy;Drama
935,Jack London,White Fang,Fiction
936,"Stephen King, Bernie Wrightson",Wolves of the Calla,Fantasy;Horror;SciFi
937,Philip Pullman,His Dark Materials,Young-Age;Fantasy
938,J.A. Redmerski,The Edge of Never,Erotic;Romance;Fiction
939,Kimberly McCreight,Reconstructing Amelia,Psychological;Thriller
940,Jojo Moyes,The One Plus One,Romance;Fiction
941,Michael Cunningham,The Hours,Drama;Psychological
942,Alice Clayton,Wallbanger,Romance
943,David Sedaris,Holidays on Ice,Academic
944,Stephen King,Desperation,Horror
945,Lauren Kate,Passion,Young-Age;Fantasy;Romance
946,James Dashner,The Kill Order,Young-Age;SciFi
947,Susan Ee,Angelfall,Young-Age;Romance
948,Richard Russo,Empire Falls,Fiction
949,Robert Jordan,The Fires of Heaven,Fantasy
950,Jandy Nelson,I'll Give You the Sun,Young-Age
951,Chuck Palahniuk,Survivor,Comedy;Drama
952,Sophie Kinsella,Shopaholic and Baby,Comedy
953,Stephen King,The Dark Tower,Fantasy;SciFi;Horror
954,Catherine Hardwicke,Twilight Director's Notebook,Biography
955,Sophie Kinsella,Shopaholic Abroad,Comedy;Romance;Fiction
956,Richard Feynman,"Surely You're Joking, Mr. Feynman! Adventures of a Curious Character",Biography
957,Maggie Stiefvater,Linger,Fiction
958,L.M. Montgomery,The Complete Anne of Green Gables Boxed Set,Kids;Fiction
959,"James Joyce, Seamus Deane",A Portrait of the Artist as a Young Man,Fiction
960,"Robert Jordan, Brandon Sanderson",The Gathering Storm,Fantasy
961,"George Eliot, Michel Faber",Middlemarch,Classic;Fiction
962,Colleen Hoover,Point of Retreat,Romance;Fiction
963,John Grisham,The Partner,Thriller
964,J.R.R. Tolkien,The Hobbit and The Lord of the Rings,Fantasy;Drama;Young-Age
965,S.C. Stephens,Thoughtless,Romance;Fiction
966,Scott Turow,Presumed Innocent,Thriller;Crime
967,Stephen King,The Dark Half,Psychological;Horror
968,Stacy Schiff,Cleopatra: A Life,Biography
969,Thomas L. Friedman,The World Is Flat: A Brief History of the Twenty-first Century,History
970,Brandon Sanderson,Steelheart,SciFi;Fantasy
971,"Marcus Pfister, J. Alison James",The Rainbow Fish,Kids
972,Jules Verne,Voyage au centre de la Terre,SciFi
973,Gretchen Rubin,The Happiness Project,Self-Help;Biography
974,Philip K. Dick,The Man in the High Castle,History;Fantasy;Fiction
975,"Vincent Bugliosi, Curt Gentry",Helter Skelter: The True Story of The Manson Murders,Crime
976,"Robert Kapilow, Dr. Seuss",Green Eggs and Ham,Kids
977,"Dante Alighieri, Anthony M. Esolen",Inferno,Thriller;Fiction
978,Deborah Harkness,Shadow of Night,Fantasy;Romance
979,Jodi Picoult,Leaving Time,Thriller;Fiction
980,Patricia Briggs,Moon Called,Fantasy;Fiction
981,Melissa de la Cruz,Blue Bloods,Fantasy
982,Caleb Carr,The Alienist,Crime;History
983,Ta-Nehisi Coates,Between the World and Me,Biography
984,"John Milton, John      Leonard",Paradise Lost,Poetry
985,Michael   Lewis,The Big Short: Inside the Doomsday Machine,Academic
986,Stephen King,The Girl Who Loved Tom Gordon,Horror
987,"Patrick Ness, Jim Kay, Siobhan Dowd", A Monster Calls ,Kids;Fantasy
988,"Robert Jordan, Brandon Sanderson",Towers of Midnight,Fantasy
989,Frederick Forsyth,The Day of the Jackal,Thriller;Fiction;History;Fiction
990,"Jason Fried, David Heinemeier Hansson",Rework,Self-Help
991,Rainbow Rowell,Attachments,Romance;Fiction
992,"Stephenie Meyer, Ilyana Kadushin, Matt Walters",The Twilight Saga,Fantasy;Young-Age;Romance
993,Carol Rifka Brunt,Tell the Wolves I'm Home,Romance;Fiction
994,James Herriot,All Creatures Great And Small,Biography;Fiction
995,Michelle Hodkin,The Unbecoming of Mara Dyer,Fiction
996,Janet Evanovich,Three to Get Deadly,Crime
997,Emmuska Orczy,The Scarlet Pimpernel,History;Fiction
998,"Jon Stone, Michael J. Smollin",The Monster at the End of This Book,Fiction;Kids
999,Judy Blume,Tales of a Fourth Grade Nothing,Kids
